{
    "comment":      "ArduPilot, Fixed Wing",
    "version":      1,
    "fileType":  "MavCmdInfo",

    "mavCmdInfo": [
        {
            "id":           16,
            "comment":      "MAV_CMD_NAV_WAYPOINT",
            "paramRemove":  "1,3,4"
        },
        {
            "id":           19,
            "comment":      "MAV_CMD_NAV_LOITER_TIME",
            "paramRemove":  "2,3"
        },
        {
            "id":           21,
            "comment":      "MAV_CMD_NAV_LAND",
            "paramRemove":  "4"
        },
        {
            "id":           82,
            "comment":      "MAV_CMD_NAV_SPLINE_WAYPOINT",
            "paramRemove":  "1"
        }
    ]
}
