{
  "": {
    "YAW2SRV_DAMP": {
      "Description": "Gain from yaw rate to rudder. Most effective at yaw damping and should be tuned after KFF_RDDRMIX. Also disables YAW2SRV_INT if set to 0.",
      "DisplayName": "Yaw damping",
      "Increment": "0.25",
      "Range": {
        "high": "2",
        "low": "0"
      },
      "User": "Advanced"
    },
    "YAW2SRV_IMAX": {
      "Description": "Limit of yaw integrator gain in centi-degrees of servo travel. Servos are assumed to have +/- 4500 centi-degrees of travel, so a value of 1500 allows trim of up to 1/3 of servo travel range.",
      "DisplayName": "Integrator limit",
      "Increment": "1",
      "Range": {
        "high": "4500",
        "low": "0"
      },
      "User": "Advanced"
    },
    "YAW2SRV_INT": {
      "Description": "Integral gain from lateral acceleration error. Effectively trims rudder to eliminate long-term sideslip.",
      "DisplayName": "Sideslip control integrator",
      "Increment": "0.25",
      "Range": {
        "high": "2",
        "low": "0"
      },
      "User": "Advanced"
    },
    "YAW2SRV_RLL": {
      "Description": "Gain to the yaw rate required to keep it consistent with the turn rate in a coordinated turn. Corrects for yaw tendencies after the turn is established. Increase yaw into the turn by raising. Increase yaw out of the turn by decreasing. Values outside of 0.9-1.1 range indicate airspeed calibration problems.",
      "DisplayName": "Yaw coordination gain",
      "Increment": "0.05",
      "Range": {
        "high": "1.2",
        "low": "0.8"
      },
      "User": "Advanced"
    },
    "YAW2SRV_SLIP": {
      "Description": "Gain from lateral acceleration to demanded yaw rate for aircraft with enough fuselage area to detect lateral acceleration and sideslips. Do not enable for flying wings and gliders. Actively coordinates flight more than just yaw damping. Set after YAW2SRV_DAMP and YAW2SRV_INT are tuned.",
      "DisplayName": "Sideslip control gain",
      "Increment": "0.25",
      "Range": {
        "high": "4",
        "low": "0"
      },
      "User": "Advanced"
    }
  },
  "json": {
    "version": 0
  }
}