{
    "version":  1,
    "fileType": "FactMetaData",
    "QGC.MetaData.Facts":
[
{
    "name":         "CameraName",
    "shortDesc":    "Camera name.",
    "type":         "string",
    "default":      "Manual (no camera specs)"
},
{
    "name":         "ValueSetIsDistance",
    "shortDesc":    "Value specified is distance to surface.",
    "type":         "bool",
    "default":      1
},
{
    "name":             "DistanceToSurface",
    "shortDesc":        "Distance vehicle is away from surface.",
    "type":             "double",
    "min":              0.1,
    "units":            "m",
    "decimalPlaces":    2,
    "default":          50.0
},
{
    "name":             "ImageDensity",
    "shortDesc":        "Image desity at surface.",
    "type":             "double",
    "min":              0,
    "units":            "cm/px",
    "decimalPlaces":    1,
    "default":          1.2
},
{
    "name":             "FrontalOverlap",
    "shortDesc":        "Amount of overlap between images in the forward facing direction.",
    "type":             "double",
    "decimalPlaces":    0,
    "min":              0,
    "max":              85,
    "units":            "%",
    "default":          70
},
{
    "name":             "SideOverlap",
    "shortDesc":        "Amount of overlap between images in the side facing direction.",
    "type":             "double",
    "decimalPlaces":    0,
    "min":              0,
    "max":              85,
    "units":            "%",
    "default":          70
},
{
    "name":             "AdjustedFootprintFrontal",
    "type":             "double",
    "decimalPlaces":    2,
    "min":              0,
    "units":            "m",
    "default":          25
},
{
    "name":             "AdjustedFootprintSide",
    "type":             "double",
    "decimalPlaces":    2,
    "min":              0,
    "units":            "m",
    "default":          25
}
]
}
