{
    "comment":  "Any Firmware, Multi Rotor",
    "version":  1,
    "fileType": "MavCmdInfo",

    "mavCmdInfo": [
        {
            "id":           17,
            "comment":      "MAV_CMD_NAV_LOITER_UNLIM",
            "paramRemove":  "3"
        },
        {
            "id":           18,
            "comment":      "MAV_CMD_NAV_LOITER_TURNS",
            "paramRemove":  "1,2,3,4"
        },
        {
            "id":           19,
            "comment":      "MAV_CMD_NAV_LOITER_TIME",
            "paramRemove":  "2,3,4"
        },
        {
            "id":           22,
            "comment":      "MAV_CMD_NAV_TAKEOFF",
            "param4": {
                "label":            "Yaw",
                "units":            "deg",
                "nanUnchanged":     true,
                "default":          null,
                "decimalPlaces":    2
            }
        },
        {
            "id":           31,
            "comment":      "MAV_CMD_NAV_LOITER_TO_ALT",
            "paramRemove":  "1,2,4"
        }
    ]
}
